{"framework":"angular-ngfor-v17.3.1-keyed","keyed":true,"benchmark":"08_create1k-after1k_x2","type":"cpu","values":{"total":{"min":53.4,"max":62.3,"median":54.6,"mean":55.32666666666667,"stddev":2.088904930705035,"values":[54.5,62.3,54.4,55.9,54.4,55.8,55,53.4,54.2,54.9,54.6,56.7,54.4,55,54.4]},"script":{"min":8.2,"max":8.9,"median":8.3,"mean":8.346666666666666,"stddev":0.18464895909600504,"values":[8.3,8.9,8.2,8.2,8.3,8.3,8.4,8.2,8.3,8.4,8.2,8.6,8.3,8.3,8.3]},"paint":{"min":41.4,"max":48.5,"median":42.3,"mean":42.84666666666668,"stddev":1.6647036058223987,"values":[42.2,48.5,42.1,43.3,42.1,43.1,42.6,41.4,42.3,42.6,42.3,43.7,42.3,42.3,41.9]}}}