{"framework":"angular-ngfor-v17.3.1-keyed","keyed":true,"benchmark":"02_replace1k","type":"cpu","values":{"total":{"min":55.4,"max":57.3,"median":56.4,"mean":56.3,"stddev":0.6210590034081185,"values":[57.3,55.4,56.9,56.1,56,56.4,57.1,55.5,55.6,57.2,55.7,56.5,56.4,56,56.4]},"script":{"min":14.8,"max":15.5,"median":15.1,"mean":15.133333333333335,"stddev":0.21930626551751342,"values":[15.3,14.9,15.5,14.8,14.9,15.1,15.4,14.9,15.3,15.3,15.1,15.4,15,15,15.1]},"paint":{"min":36.9,"max":38.3,"median":37.7,"mean":37.67999999999999,"stddev":0.40390946651800186,"values":[38.3,37.3,37.8,37.6,37.6,37.9,38.3,37.1,36.9,38.2,37.5,37.5,37.8,37.7,37.7]}}}