{"framework":"angular-ngfor-v17.3.1-keyed","keyed":true,"benchmark":"01_run1k","type":"cpu","values":{"total":{"min":50.5,"max":51.7,"median":51,"mean":50.98666666666667,"stddev":0.30205644379502233,"values":[51.1,51.2,51,51.7,50.6,50.9,51,50.6,51.3,50.8,50.9,50.5,51.1,51.1,51]},"script":{"min":9.1,"max":9.7,"median":9.3,"mean":9.366666666666665,"stddev":0.19148542155126766,"values":[9.5,9.2,9.2,9.7,9.5,9.7,9.5,9.3,9.5,9.2,9.2,9.2,9.3,9.1,9.4]},"paint":{"min":37.8,"max":38.6,"median":38.3,"mean":38.24666666666667,"stddev":0.22635833370586425,"values":[38.3,38.6,38.4,38.2,38.1,37.8,37.9,38.3,38.3,38.3,38.2,38,38.4,38.6,38.3]}}}