{"framework":"angular-ngfor-v17.3.1-keyed","keyed":true,"benchmark":"03_update10th1k_x16","type":"cpu","values":{"total":{"min":23.3,"max":27.6,"median":24.6,"mean":24.86,"stddev":1.1299810365033318,"values":[24.7,25.8,24.2,23.4,23.9,24.6,27.6,24.5,26,24.4,26,25.4,24.7,24.4,23.3]},"script":{"min":1.9,"max":2.4,"median":2,"mean":2.093333333333333,"stddev":0.17915143899851346,"values":[2,2.4,2,2,1.9,2.2,2.4,2.2,1.9,2,2.4,2,2,2,2]},"paint":{"min":19.4,"max":22.7,"median":20.5,"mean":20.779999999999994,"stddev":0.9064845755523289,"values":[20.5,21.5,20.4,19.4,20.1,20.6,22.7,20.6,22.2,20.2,21.5,21.4,20.5,20.4,19.7]}}}