{"framework":"hyperapp-v2.0.22-keyed","keyed":true,"benchmark":"09_clear1k_x8","type":"cpu","values":{"total":{"min":14.8,"max":16,"median":15.4,"mean":15.373333333333335,"stddev":0.3411465262624732,"values":[15.2,15.5,14.9,15.5,15.6,15.4,15.4,15.4,15.2,14.8,15.3,16,15,15.4,16]},"script":{"min":12.3,"max":13.4,"median":12.8,"mean":12.826666666666666,"stddev":0.31952345468719195,"values":[12.6,12.9,12.3,12.7,13.2,13,13,12.8,12.8,12.4,12.7,13.2,12.4,13,13.4]},"paint":{"min":1.9,"max":2.4,"median":2.2,"mean":2.166666666666666,"stddev":0.1759328876372492,"values":[2,2,2,2.4,2,1.9,2.2,2.2,2.2,2.2,2,2.4,2.4,2.2,2.4]}}}