{"framework":"hyperapp-v2.0.22-keyed","keyed":true,"benchmark":"06_remove-one-1k","type":"cpu","values":{"total":{"min":18.2,"max":21,"median":19.2,"mean":19.45333333333333,"stddev":0.8425019429114238,"values":[18.4,21,21,20,19.2,18.8,19.1,19.6,19,19,19.5,19.6,19,18.2,20.4]},"script":{"min":0.6,"max":0.8,"median":0.8,"mean":0.7600000000000001,"stddev":0.07367883976130074,"values":[0.6,0.8,0.8,0.8,0.8,0.8,0.7,0.8,0.8,0.8,0.7,0.8,0.6,0.8,0.8]},"paint":{"min":17.3,"max":19.8,"median":18.1,"mean":18.319999999999997,"stddev":0.7683005364346129,"values":[17.4,19.8,19.7,18.9,18.1,17.8,18,18.2,17.6,18.1,18.5,18.5,17.8,17.3,19.1]}}}