{"framework":"hyperapp-v2.0.22-keyed","keyed":true,"benchmark":"01_run1k","type":"cpu","values":{"total":{"min":44.7,"max":52.3,"median":47.6,"mean":48.10666666666666,"stddev":2.292679862602049,"values":[51.1,50.5,44.7,47,47.6,52.3,46.3,48.7,47.9,46.7,45.3,46.5,51.3,46.9,48.8]},"script":{"min":7.2,"max":7.8,"median":7.4,"mean":7.439999999999999,"stddev":0.17237832147426688,"values":[7.3,7.3,7.5,7.7,7.6,7.8,7.4,7.2,7.4,7.3,7.4,7.3,7.5,7.6,7.3]},"paint":{"min":36.5,"max":39.7,"median":37.2,"mean":37.333333333333336,"stddev":0.7970182527634463,"values":[37.3,36.9,37,37.3,38.5,39.7,36.8,36.5,37.5,37,36.9,36.8,37.4,37.2,37.2]}}}