{"framework":"hyperapp-v2.0.22-keyed","keyed":true,"benchmark":"03_update10th1k_x16","type":"cpu","values":{"total":{"min":21.8,"max":26.6,"median":23.9,"mean":24.013333333333335,"stddev":1.2682195994310104,"values":[23.3,23.2,24.3,26.3,24,21.8,23.9,25.4,24.2,23.2,22.8,24,23.6,26.6,23.6]},"script":{"min":2.5,"max":3.6,"median":2.8,"mean":2.880000000000001,"stddev":0.27307769694983985,"values":[2.8,2.6,3,3,2.5,2.7,2.6,3,2.8,3,2.8,3.2,2.8,3.6,2.8]},"paint":{"min":18.6,"max":22.5,"median":20.2,"mean":20.4,"stddev":1.0447145885018414,"values":[19.7,19.8,20.8,22.5,21.1,18.6,20.3,21.3,20.6,19.7,19.4,19.9,19.9,22.2,20.2]}}}