{"framework":"mikado-v0.8.327-keyed","keyed":true,"benchmark":"06_remove-one-1k","type":"cpu","values":{"total":{"min":19.2,"max":23.3,"median":20.2,"mean":20.48,"stddev":0.9389964247611844,"values":[23.3,20.2,20.5,19.9,20.9,21.3,20.2,19.2,20.7,20.8,19.9,19.7,20,20.2,20.4]},"script":{"min":0.2,"max":0.2,"median":0.2,"mean":0.20000000000000004,"stddev":2.872975021810196e-17,"values":[0.2,0.2,0.2,0.2,0.2,0.2,0.2,0.2,0.2,0.2,0.2,0.2,0.2,0.2,0.2]},"paint":{"min":18.2,"max":21.9,"median":19.2,"mean":19.286666666666665,"stddev":0.8659154253213898,"values":[21.9,19.2,19.3,18.7,19.7,19.8,19.2,18.2,19.7,19.5,18.8,18.5,18.6,18.9,19.3]}}}