{"framework":"mikado-v0.8.327-keyed","keyed":true,"benchmark":"09_clear1k_x8","type":"cpu","values":{"total":{"min":15,"max":17,"median":15.6,"mean":15.666666666666664,"stddev":0.4894116973712515,"values":[15.5,16.2,15,17,15.6,15.4,16,15.9,15,15.6,15.7,15.5,15.4,15.5,15.7]},"script":{"min":12.1,"max":14,"median":13,"mean":12.979999999999997,"stddev":0.4491261356392943,"values":[13.1,13.2,12.2,14,13,13,13.4,13.1,12.1,13,13.1,12.7,12.8,12.9,13.1]},"paint":{"min":1.9,"max":2.3,"median":2.1,"mean":2.1199999999999997,"stddev":0.12071217242444347,"values":[2,2.1,2.2,2.2,2.1,2,2.2,2,2.2,2.3,2.1,2.3,2.2,2,1.9]}}}