{"framework":"mikado-v0.8.327-keyed","keyed":true,"benchmark":"05_swap1k","type":"cpu","values":{"total":{"min":26.2,"max":27.8,"median":27.1,"mean":27.086666666666666,"stddev":0.5409867527644894,"values":[27.8,26.2,27,26.8,26.5,27.2,26.3,27.8,27.8,26.5,27.5,27,27.1,27.4,27.4]},"script":{"min":0.6,"max":0.8,"median":0.8,"mean":0.7066666666666668,"stddev":0.10327955589886448,"values":[0.8,0.6,0.8,0.6,0.6,0.6,0.6,0.8,0.6,0.8,0.8,0.8,0.8,0.8,0.6]},"paint":{"min":23.5,"max":25.3,"median":24.5,"mean":24.446666666666665,"stddev":0.5343442799579777,"values":[25.2,23.5,24.2,24.4,23.9,24.5,24,25.2,25.3,23.7,24.7,24.4,24.5,24.6,24.6]}}}