{"framework":"mikado-v0.8.327-keyed","keyed":true,"benchmark":"01_run1k","type":"cpu","values":{"total":{"min":39.9,"max":41.8,"median":40.7,"mean":40.73333333333333,"stddev":0.5232681184722834,"values":[40.8,41.3,40.4,40.7,41.3,40.4,40.3,39.9,41,40.4,40.3,40.2,41.2,41,41.8]},"script":{"min":2.6,"max":2.9,"median":2.7,"mean":2.6799999999999997,"stddev":0.07745966692414832,"values":[2.7,2.6,2.7,2.6,2.9,2.6,2.7,2.7,2.7,2.6,2.7,2.6,2.7,2.7,2.7]},"paint":{"min":36.8,"max":38.6,"median":37.6,"mean":37.56666666666667,"stddev":0.46853368024487835,"values":[37.7,38.1,37.3,37.6,37.9,37.3,37.1,36.8,37.8,37.3,37.2,37.1,37.9,37.8,38.6]}}}