{"framework":"mikado-v0.8.327-keyed","keyed":true,"benchmark":"03_update10th1k_x16","type":"cpu","values":{"total":{"min":20.4,"max":23.9,"median":21.6,"mean":21.71333333333333,"stddev":0.8105259903003612,"values":[21.5,21.6,21.2,20.4,22,21.4,22.3,22.1,21,21.9,23.9,22.3,21.2,21.9,21]},"script":{"min":0.6,"max":0.8,"median":0.6,"mean":0.68,"stddev":0.10141851056742202,"values":[0.6,0.6,0.6,0.8,0.8,0.6,0.8,0.6,0.6,0.6,0.6,0.8,0.8,0.6,0.8]},"paint":{"min":18.4,"max":21.3,"median":19.2,"mean":19.313333333333333,"stddev":0.7150091574505151,"values":[19.3,19.1,19,18.4,19.5,19,19.9,20,18.8,19.2,21.3,19.6,18.8,19.3,18.5]}}}