{"framework":"mikado-v0.8.327-keyed","keyed":true,"benchmark":"04_select1k","type":"cpu","values":{"total":{"min":3.2,"max":5,"median":4,"mean":3.9960000000000004,"stddev":0.5183949588232252,"values":[4.8,3.8,3.6,3.6,4.2,5,3.6,4.4,4.5,3.8,4.2,3.6,4,3.2,3.4,4,4,4.4,4.8,3.4,3.4,4.2,3.8,3.4,4.8]},"script":{"min":0.2,"max":0.4,"median":0.4,"mean":0.3680000000000001,"stddev":0.07483314773547883,"values":[0.4,0.4,0.4,0.4,0.2,0.4,0.4,0.2,0.4,0.4,0.2,0.4,0.4,0.2,0.4,0.4,0.4,0.4,0.4,0.4,0.4,0.4,0.4,0.4,0.4]},"paint":{"min":2.1,"max":4,"median":3,"mean":3.048,"stddev":0.5148786264742401,"values":[3.5,3,2.8,2.6,3.2,4,2.6,3.6,3.6,2.8,3.6,3,3.2,2.1,2.3,2.6,2.7,3.6,3.4,2.7,2.5,3.2,3,2.6,4]}}}