{"framework":"mikado-v0.8.327-keyed","keyed":true,"benchmark":"02_replace1k","type":"cpu","values":{"total":{"min":42.3,"max":44.9,"median":43.6,"mean":43.813333333333325,"stddev":0.7890923055426828,"values":[44.9,43.6,43.9,43.9,42.3,43.6,44.5,43.2,44.6,44.8,43.6,43.6,42.5,43.5,44.7]},"script":{"min":5.3,"max":5.7,"median":5.5,"mean":5.526666666666667,"stddev":0.1279880946844369,"values":[5.5,5.4,5.6,5.4,5.5,5.5,5.5,5.7,5.5,5.7,5.3,5.7,5.4,5.5,5.7]},"paint":{"min":36.3,"max":38.8,"median":37.8,"mean":37.8,"stddev":0.7615773105863909,"values":[38.8,37.7,37.8,38,36.3,37.7,38.5,37.1,38.6,38.7,37.8,37.1,36.7,37.6,38.6]}}}