{"framework":"mobx-jsx-v0.14.0-keyed","keyed":true,"benchmark":"04_select1k","type":"cpu","values":{"total":{"min":4.2,"max":6.7,"median":4.8,"mean":5.18,"stddev":0.8371578903249574,"values":[4.4,5.6,4.4,6.3,5.2,6.4,4.6,4.2,4.8,5.4,6.5,4.2,5.4,4.4,6.2,5.8,6.7,4.8,4.4,4.8,5.2,6.4,4.8,4.2,4.4]},"script":{"min":0.8,"max":1,"median":1,"mean":0.904,"stddev":0.10198039027185568,"values":[1,0.8,0.8,1,1,1,0.8,0.8,0.8,0.8,1,0.8,1,1,1,1,1,1,0.8,1,1,0.8,0.8,0.8,0.8]},"paint":{"min":2.5,"max":5.2,"median":3.5,"mean":3.6679999999999997,"stddev":0.7787382957921956,"values":[2.5,4.3,3.2,4.5,3.6,5.1,3,3,3.5,3.8,4.8,3,3.8,2.7,4.2,4.2,5.2,2.9,3.2,3.2,3.8,4.8,3.4,3,3]}}}