{"framework":"mobx-jsx-v0.14.0-keyed","keyed":true,"benchmark":"07_create10k","type":"cpu","values":{"total":{"min":462.6,"max":550.5,"median":470.2,"mean":476.34000000000003,"stddev":20.95174046640108,"values":[476.2,481.6,473,469.6,470.2,469.6,470.2,469.6,469.4,550.5,472.5,469.4,473.8,462.6,466.9]},"script":{"min":81.3,"max":91.3,"median":84.7,"mean":84.33999999999999,"stddev":2.457873645479533,"values":[83.9,84.7,85.5,85.4,83.2,82.2,81.4,85.1,82,91.3,85.6,83.4,84.9,81.3,85.2]},"paint":{"min":376.4,"max":454.1,"median":382.6,"mean":386.8333333333333,"stddev":18.896245532859044,"values":[385.2,389.7,383,379.6,380.6,382.6,384,380.2,382.7,454.1,382.5,380.5,384.4,377,376.4]}}}