{"framework":"mobx-jsx-v0.14.0-keyed","keyed":true,"benchmark":"01_run1k","type":"cpu","values":{"total":{"min":43.7,"max":45.8,"median":44.6,"mean":44.54666666666667,"stddev":0.6401636695482825,"values":[43.9,44.7,44.8,44,45.4,45.8,43.7,43.7,44,44.5,44.1,45,44.8,44.6,45.2]},"script":{"min":6.5,"max":7.7,"median":7.3,"mean":7.1000000000000005,"stddev":0.39641248358604614,"values":[6.6,7.7,7.3,6.6,7.3,7.4,6.6,6.6,7.2,7.3,6.5,7.4,7.4,7.3,7.3]},"paint":{"min":36.3,"max":37.8,"median":36.9,"mean":36.93999999999999,"stddev":0.4032014739202083,"values":[36.9,36.5,36.9,36.9,37.5,37.8,36.7,36.6,36.3,36.6,37.1,37.2,36.9,36.8,37.4]}}}