{"framework":"react-hooks-v18.2.0-keyed","keyed":true,"benchmark":"05_swap1k","type":"cpu","values":{"total":{"min":187.6,"max":203.1,"median":193,"mean":193.70666666666662,"stddev":4.329709107131902,"values":[189.9,199.6,191,187.6,197.7,193,193.3,189.3,203.1,192.1,190.2,198.7,191.7,194.1,194.3]},"script":{"min":23.6,"max":25.7,"median":24.2,"mean":24.30666666666667,"stddev":0.6713171133426187,"values":[24.6,24.2,24,24.4,23.8,23.6,24.4,23.9,25.1,25.7,23.6,23.6,25.1,23.6,25]},"paint":{"min":160.7,"max":175.6,"median":166.7,"mean":166.9,"stddev":4.150903516103454,"values":[163.1,172.5,164.5,160.7,169.8,167.3,166.7,163,175.6,164.1,164.3,172.3,164.4,168.2,167]}}}