{"framework":"react-hooks-v18.2.0-keyed","keyed":true,"benchmark":"03_update10th1k_x16","type":"cpu","values":{"total":{"min":26.1,"max":48.1,"median":28.3,"mean":30.573333333333334,"stddev":5.753442033956302,"values":[26.3,27.4,26.3,26.2,26.1,27,34.8,48.1,33,34.2,32.1,28.3,32.1,29.1,27.6]},"script":{"min":4.6,"max":9.8,"median":5.2,"mean":5.633333333333334,"stddev":1.329697423512296,"values":[4.6,5.1,4.6,4.8,4.6,5.6,6.2,9.8,5.8,7,5.8,5,5.2,5.2,5.2]},"paint":{"min":19.6,"max":36,"median":21.2,"mean":22.899999999999995,"stddev":4.28102123997801,"values":[19.6,20.4,19.7,20.1,20,19.6,26,36,24.5,25.2,24.1,21.2,24.5,22,20.6]}}}