{"framework":"react-hooks-v18.2.0-keyed","keyed":true,"benchmark":"08_create1k-after1k_x2","type":"cpu","values":{"total":{"min":51.4,"max":56.2,"median":52.1,"mean":52.46666666666668,"stddev":1.1672107574816788,"values":[52.1,51.8,52.7,52.1,52.3,56.2,51.7,51.4,52.7,52.2,51.7,52,53.7,52.1,52.3]},"script":{"min":10.6,"max":11.2,"median":10.9,"mean":10.906666666666666,"stddev":0.17915143899851335,"values":[10.8,10.9,10.9,11.2,10.9,11.2,10.6,10.7,10.9,10.9,10.7,11.1,11.1,10.9,10.8]},"paint":{"min":40,"max":43.6,"median":40.5,"mean":40.74,"stddev":0.9140178178944719,"values":[40.5,40,41,40.2,40.7,43.6,40.2,40,41.1,40.5,40.3,40.2,41.7,40.4,40.7]}}}