{"framework":"react-hooks-v18.2.0-keyed","keyed":true,"benchmark":"06_remove-one-1k","type":"cpu","values":{"total":{"min":22.5,"max":27.2,"median":23.2,"mean":23.50666666666666,"stddev":1.1498240030957945,"values":[22.5,27.2,22.8,23.6,23.8,23.6,22.5,24.2,23.2,22.9,22.6,23.2,23.8,23,23.7]},"script":{"min":1.6,"max":1.9,"median":1.8,"mean":1.7399999999999998,"stddev":0.11832159566199227,"values":[1.6,1.8,1.6,1.8,1.8,1.8,1.7,1.9,1.9,1.8,1.7,1.6,1.9,1.6,1.6]},"paint":{"min":19.8,"max":23.6,"median":20.6,"mean":20.686666666666667,"stddev":0.9493356072738953,"values":[19.8,23.6,20.1,20.7,21.1,20.9,20,21.2,20.2,20,19.8,20.6,20.9,20.2,21.2]}}}