{"framework":"rendrjs-v0.2.50-keyed","keyed":true,"benchmark":"02_replace1k","type":"cpu","values":{"total":{"min":47.1,"max":49.6,"median":47.9,"mean":48.093333333333334,"stddev":0.6227435457790985,"values":[48.6,47.9,49.6,48.7,47.9,48.2,48,47.9,48.6,47.7,47.6,47.5,47.1,47.6,48.5]},"script":{"min":11.1,"max":12.1,"median":11.4,"mean":11.440000000000003,"stddev":0.27464262493023817,"values":[11.5,11.4,11.3,11.2,11.8,11.4,11.1,11.4,11.4,11.8,11.3,11.3,11.1,11.5,12.1]},"paint":{"min":35.5,"max":37.8,"median":36,"mean":36.20666666666667,"stddev":0.6605913656572808,"values":[36.7,36,37.8,37.1,35.6,36.4,36.4,36.1,36.8,35.5,35.9,35.7,35.6,35.6,35.9]}}}