{"framework":"rendrjs-v0.2.50-keyed","keyed":true,"benchmark":"01_run1k","type":"cpu","values":{"total":{"min":42.5,"max":45.1,"median":44.1,"mean":44.02666666666667,"stddev":0.7274875223934056,"values":[44.3,44.9,43.8,42.8,44.1,44.1,43.3,45.1,42.5,44.1,43.7,44.8,44.2,44.5,44.2]},"script":{"min":5.9,"max":6.4,"median":6,"mean":6.04,"stddev":0.12983506020002014,"values":[6,6.1,6.1,5.9,6,6,6,5.9,5.9,6.1,6,6.2,6,6.4,6]},"paint":{"min":36.2,"max":38.8,"median":37.7,"mean":37.52666666666666,"stddev":0.6681174689984924,"values":[37.7,38.3,37.2,36.5,37.7,37.6,36.9,38.8,36.2,37.5,37.2,38.2,37.7,37.7,37.7]}}}