{"framework":"rendrjs-v0.2.50-keyed","keyed":true,"benchmark":"09_clear1k_x8","type":"cpu","values":{"total":{"min":15.6,"max":18,"median":16.6,"mean":16.666666666666668,"stddev":0.6443897075823724,"values":[18,16.2,16,17,16.4,17.1,17.5,16.6,15.6,16.2,17.2,16.6,16.9,16.8,15.9]},"script":{"min":13.2,"max":15.2,"median":13.8,"mean":13.973333333333333,"stddev":0.5257194616722424,"values":[15.2,13.4,13.4,14.2,13.8,14.3,14.5,13.8,13.2,13.6,14.4,13.8,13.9,14.4,13.7]},"paint":{"min":1.6,"max":2.5,"median":2,"mean":2.086666666666667,"stddev":0.21668498091095503,"values":[2.1,2.3,2.5,2,1.9,2,2.2,2,2.1,2.2,2,2,2.4,2,1.6]}}}