{"framework":"rendrjs-v0.2.50-keyed","keyed":true,"benchmark":"03_update10th1k_x16","type":"cpu","values":{"total":{"min":23.6,"max":28.5,"median":25,"mean":25.32,"stddev":1.354463520576109,"values":[24.6,24.5,28.5,24.7,26,23.8,25,23.6,24.2,26.7,25.1,27.1,26.4,24.6,25]},"script":{"min":3,"max":3.7,"median":3.4,"mean":3.36,"stddev":0.19198214202665528,"values":[3.4,3,3.6,3.2,3.4,3.4,3.2,3.2,3.2,3.6,3.5,3.4,3.4,3.2,3.7]},"paint":{"min":18.6,"max":22.9,"median":19.8,"mean":20.173333333333332,"stddev":1.1913177977509162,"values":[19.6,19.5,22.9,19.6,20.5,18.6,20.4,18.6,19.3,21.4,19.8,21.9,20.9,19.7,19.9]}}}