{"framework":"skruv-v0.6.3-keyed","keyed":true,"benchmark":"05_swap1k","type":"cpu","values":{"total":{"min":29.1,"max":32.5,"median":30.4,"mean":30.5,"stddev":0.9576757578339637,"values":[31,30,29.3,29.1,32.4,31.1,29.7,30.4,32.5,30.2,30.3,30.1,30.4,30.4,30.6]},"script":{"min":2.2,"max":3,"median":2.6,"mean":2.5533333333333332,"stddev":0.23864697976798474,"values":[3,2.4,2.4,2.4,2.8,2.6,2.5,2.2,2.8,2.7,2.3,2.6,2.8,2.2,2.6]},"paint":{"min":24.9,"max":27.9,"median":26,"mean":26.12666666666666,"stddev":0.8128140418734574,"values":[26.4,26,25.3,24.9,27.6,26.7,25.4,26.2,27.9,25.6,26,25.5,26,26.4,26]}}}