{"framework":"skruv-v0.6.3-keyed","keyed":true,"benchmark":"06_remove-one-1k","type":"cpu","values":{"total":{"min":22.1,"max":24.5,"median":22.9,"mean":23.033333333333335,"stddev":0.624118425880705,"values":[22.8,22.3,22.9,23.2,23.4,22.1,22.6,22.6,23.4,22.8,23.5,24.5,23.8,23.1,22.5]},"script":{"min":1.1,"max":1.4,"median":1.2,"mean":1.2066666666666663,"stddev":0.07037315505489965,"values":[1.2,1.2,1.1,1.2,1.2,1.1,1.2,1.2,1.2,1.2,1.2,1.2,1.4,1.3,1.2]},"paint":{"min":19.9,"max":21.8,"median":20.7,"mean":20.799999999999997,"stddev":0.5580578567035606,"values":[20.7,19.9,21,21,21.3,19.9,20.6,20.6,21.2,20.3,21.2,21.8,21.5,20.7,20.3]}}}