{"framework":"skruv-v0.6.3-keyed","keyed":true,"benchmark":"04_select1k","type":"cpu","values":{"total":{"min":5.4,"max":7.3,"median":6.2,"mean":6.232,"stddev":0.5843229700545183,"values":[5.8,6.6,5.6,6.8,6.4,7.3,6.2,6,7.2,6.4,6.2,6.6,5.4,6,6,5.6,6.2,7.2,5.6,7.3,6,5.8,6.4,5.4,5.8]},"script":{"min":2.2,"max":2.6,"median":2.4,"mean":2.3319999999999994,"stddev":0.11075498483890758,"values":[2.2,2.4,2.2,2.4,2.2,2.3,2.4,2.4,2.6,2.4,2.2,2.4,2.2,2.4,2.2,2.4,2.4,2.4,2.2,2.4,2.4,2.2,2.4,2.2,2.4]},"paint":{"min":2.3,"max":4.4,"median":3.2,"mean":3.2560000000000002,"stddev":0.5228766584960549,"values":[2.8,3.8,2.6,3.8,3.6,4.4,3.3,3.1,3.3,3.6,3.4,3.4,2.7,3,3.2,2.9,3.2,3.8,2.8,4.3,3,2.8,3.6,2.3,2.7]}}}