{"framework":"skruv-v0.6.3-keyed","keyed":true,"benchmark":"03_update10th1k_x16","type":"cpu","values":{"total":{"min":27.7,"max":30.8,"median":28.8,"mean":29.06666666666667,"stddev":0.848247493084306,"values":[28.8,28.5,28.8,29.3,30.8,27.7,29.4,28.3,29.1,30.6,28.5,29.5,29.7,28.7,28.3]},"script":{"min":5.1,"max":6.8,"median":6,"mean":6.079999999999999,"stddev":0.49742192495764737,"values":[6.4,5.1,6.6,6.6,6.8,5.9,6,6,5.8,6.4,5.5,6.6,5.9,5.4,6.2]},"paint":{"min":20,"max":22.6,"median":21.4,"mean":21.2,"stddev":0.6989788470128611,"values":[20.5,21.3,20.5,20.8,21.9,20,21.5,20.8,21.5,22.6,21.4,21.5,21.8,21.6,20.3]}}}