{"framework":"solid-v1.8.15-keyed","keyed":true,"benchmark":"04_select1k","type":"cpu","values":{"total":{"min":3.8,"max":6.6,"median":4.5,"mean":4.712000000000001,"stddev":0.797036176510619,"values":[4,3.8,4.4,3.9,6.6,5.2,6,5.3,4,5.2,5,5.2,4.6,6.4,4.4,4.2,4.8,3.8,4.6,4.2,5.5,4.2,4.5,4,4]},"script":{"min":0.4,"max":0.9,"median":0.6,"mean":0.6359999999999999,"stddev":0.10360180178613371,"values":[0.6,0.6,0.6,0.4,0.8,0.6,0.6,0.6,0.6,0.6,0.6,0.6,0.6,0.6,0.8,0.6,0.8,0.6,0.6,0.6,0.9,0.6,0.8,0.6,0.6]},"paint":{"min":2.7,"max":4.8,"median":3.2,"mean":3.4000000000000004,"stddev":0.6278269400612454,"values":[3,2.8,3.2,3,4.3,4,4.8,3.9,2.8,4,3.7,4,3.4,4.8,2.8,3.1,3.2,2.7,3.2,3,3.6,3.2,2.9,2.8,2.8]}}}