{"framework":"solid-v1.8.15-keyed","keyed":true,"benchmark":"03_update10th1k_x16","type":"cpu","values":{"total":{"min":21.8,"max":24.2,"median":22.4,"mean":22.42666666666667,"stddev":0.5650115885874333,"values":[21.8,22.4,22.4,22.6,24.2,22.1,22.4,22.3,22.5,22.4,22,22.4,22.9,22,22]},"script":{"min":1.2,"max":1.8,"median":1.4,"mean":1.36,"stddev":0.15491933384829668,"values":[1.4,1.4,1.2,1.4,1.2,1.4,1.2,1.2,1.4,1.4,1.8,1.4,1.4,1.2,1.4]},"paint":{"min":18.5,"max":21.1,"median":19.4,"mean":19.44666666666667,"stddev":0.5938574464184712,"values":[19,19.4,19.5,19.6,21.1,19.1,19.8,19.4,19.2,19.2,18.5,19.6,20.1,19.2,19]}}}