{"framework":"svelte-v5.0.0-next.100-keyed","keyed":true,"benchmark":"01_run1k","type":"cpu","values":{"total":{"min":40.4,"max":43.1,"median":41.3,"mean":41.446666666666665,"stddev":0.6412784849331026,"values":[41.3,42.5,40.4,41.1,41,43.1,41.4,41.2,41.4,41.5,41.2,41,41.5,41.8,41.3]},"script":{"min":3.5,"max":3.8,"median":3.6,"mean":3.593333333333334,"stddev":0.0883715101688537,"values":[3.7,3.6,3.7,3.6,3.6,3.8,3.5,3.6,3.5,3.6,3.5,3.5,3.6,3.6,3.5]},"paint":{"min":36.2,"max":38.7,"median":37.3,"mean":37.37333333333333,"stddev":0.6099960967868875,"values":[37.1,38.5,36.2,37,37,38.7,37.5,37.1,37.4,37.4,37.2,37,37.3,37.8,37.4]}}}