{"framework":"svelte-v5.0.0-next.100-keyed","keyed":true,"benchmark":"04_select1k","type":"cpu","values":{"total":{"min":4.6,"max":7.1,"median":5.2,"mean":5.364000000000001,"stddev":0.6389313995518873,"values":[5.4,6.2,5.2,6,6,5.2,5.2,5,7.1,4.6,4.6,5.2,6.4,5.6,5.4,5,5.7,4.7,4.8,4.8,5.8,5.8,5,4.6,4.8]},"script":{"min":1.2,"max":1.6,"median":1.4,"mean":1.3239999999999994,"stddev":0.13316656236958788,"values":[1.4,1.4,1.6,1.4,1.4,1.4,1.4,1.4,1.5,1.2,1.2,1.4,1.2,1.2,1.2,1.2,1.2,1.2,1.2,1.4,1.2,1.6,1.4,1.2,1.2]},"paint":{"min":2.7,"max":4.8,"median":3.2,"mean":3.4160000000000004,"stddev":0.5572850856309243,"values":[3.3,4,3,4,4,3,3.2,3.2,4.7,2.9,3,3,4.8,3.8,3.6,3.1,3.9,3,3.2,3,3.6,3.4,3,2.7,3]}}}