{"framework":"svelte-v5.0.0-next.100-keyed","keyed":true,"benchmark":"06_remove-one-1k","type":"cpu","values":{"total":{"min":20.3,"max":22.1,"median":21.2,"mean":21.253333333333334,"stddev":0.530318861853975,"values":[21.2,21.6,22,20.9,20.6,22.1,21.6,20.8,21.6,21.5,21.7,21.2,21,20.7,20.3]},"script":{"min":0.6,"max":0.9,"median":0.6,"mean":0.64,"stddev":0.08280786712108251,"values":[0.6,0.7,0.7,0.6,0.6,0.6,0.6,0.6,0.6,0.6,0.9,0.6,0.6,0.7,0.6]},"paint":{"min":18.8,"max":20.5,"median":19.8,"mean":19.580000000000002,"stddev":0.45071371971891094,"values":[19.8,19.9,20,19.3,19,20.5,19.8,19.2,19.8,19.8,19.8,19.3,19.6,19.1,18.8]}}}