{"framework":"svelte-v5.0.0-next.100-keyed","keyed":true,"benchmark":"07_create10k","type":"cpu","values":{"total":{"min":426.8,"max":448.4,"median":433,"mean":433.9666666666666,"stddev":5.690551902265801,"values":[428.7,438.3,432,437.4,431.4,427.9,426.8,433.9,448.4,442.2,431.4,433,430.4,434,433.7]},"script":{"min":44,"max":45.5,"median":44.7,"mean":44.76,"stddev":0.503984126734166,"values":[44.2,45.3,45.5,45.1,44.7,44.3,44.7,44.4,44.2,45,45.1,44,45.1,44.3,45.5]},"paint":{"min":377.8,"max":397,"median":382.5,"mean":383.9466666666667,"stddev":4.954632272165207,"values":[380.2,388.8,380.6,384.9,382.1,379.2,377.8,385,397,390.6,382.1,383.4,381,382.5,384]}}}