{"framework":"svelte-v5.0.0-next.100-keyed","keyed":true,"benchmark":"02_replace1k","type":"cpu","values":{"total":{"min":41.8,"max":43.3,"median":42.5,"mean":42.57333333333333,"stddev":0.5035114790387702,"values":[42.2,43.3,42.9,42.7,41.9,42.5,42.3,41.8,43.2,42.1,42.4,42.1,43,43,43.2]},"script":{"min":6.8,"max":7.3,"median":7.1,"mean":7.066666666666666,"stddev":0.1345185418269098,"values":[6.9,7.1,7.3,7.2,6.9,7.1,7,6.8,7.2,7,7.1,7.2,7,7.1,7.1]},"paint":{"min":34.5,"max":35.8,"median":35,"mean":35.07333333333334,"stddev":0.44314890542677915,"values":[34.8,35.8,35.2,35.1,34.5,35,34.9,34.5,35.6,34.7,34.9,34.5,35.6,35.4,35.6]}}}