{"framework":"svelte-v5.0.0-next.100-keyed","keyed":true,"benchmark":"09_clear1k_x8","type":"cpu","values":{"total":{"min":16.6,"max":18.4,"median":17.4,"mean":17.446666666666665,"stddev":0.5501514942874064,"values":[18.1,17.2,17.4,18.4,17.3,16.8,17.1,17.6,16.6,17.6,17.4,17.2,16.8,18.4,17.8]},"script":{"min":14,"max":15.6,"median":14.6,"mean":14.653333333333332,"stddev":0.4453997669296116,"values":[15.1,14.4,14.6,15.2,14.4,14.2,14.5,14.8,14,15,14.6,14.6,14,15.6,14.8]},"paint":{"min":1.9,"max":2.6,"median":2.2,"mean":2.173333333333333,"stddev":0.17511900715418263,"values":[2.4,2.2,2,2.6,2.2,2.1,1.9,2.2,2,2.1,2.2,2,2.2,2.2,2.3]}}}