{"framework":"vue-v3.4.21-keyed","keyed":true,"benchmark":"03_update10th1k_x16","type":"cpu","values":{"total":{"min":24.3,"max":34.7,"median":25.9,"mean":26.453333333333337,"stddev":2.4351200224649148,"values":[34.7,24.5,26.8,25.9,27.1,25.9,26.5,27.1,24.3,25.9,25,25.2,25.7,25.8,26.4]},"script":{"min":3,"max":5.2,"median":3.8,"mean":3.886666666666667,"stddev":0.48383389514919084,"values":[5.2,3.3,3.8,3.8,4.3,3.9,4,4.2,3.6,3.8,4,3,3.8,3.8,3.8]},"paint":{"min":19.1,"max":27,"median":20.6,"mean":20.806666666666665,"stddev":1.8254027605148508,"values":[27,19.7,21.5,20.6,20.7,20.6,20.3,21.1,19.1,20.7,19.5,20.6,19.9,20,20.8]}}}