{"framework":"vue-v3.4.21-keyed","keyed":true,"benchmark":"01_run1k","type":"cpu","values":{"total":{"min":45.1,"max":66.8,"median":46,"mean":47.39999999999999,"stddev":5.3982801494020825,"values":[46.1,45.2,46,46,46.5,45.5,45.4,46.9,66.8,45.6,45.9,46.4,46.8,46.8,45.1]},"script":{"min":8.1,"max":9.5,"median":8.3,"mean":8.360000000000001,"stddev":0.33974780562730866,"values":[8.4,8.1,8.4,8.2,8.3,8.2,8.2,8.2,9.5,8.3,8.2,8.5,8.3,8.5,8.1]},"paint":{"min":36.6,"max":56.7,"median":37.3,"mean":38.559999999999995,"stddev":5.044487797869785,"values":[37.3,36.6,37.1,37.4,37.7,36.8,36.7,38.2,56.7,36.8,37.3,37.3,38,37.9,36.6]}}}