{"framework":"vue-v3.4.21-keyed","keyed":true,"benchmark":"04_select1k","type":"cpu","values":{"total":{"min":4.8,"max":8,"median":5.5,"mean":5.66,"stddev":0.7388053419767167,"values":[5,5,5.4,6.8,5,6.4,5.1,5.8,6.2,5.4,5.2,4.8,5.4,5.5,8,5.6,5.6,5,6.6,5.6,5.6,5.1,6.2,5,6.2]},"script":{"min":1.2,"max":1.8,"median":1.4,"mean":1.4359999999999997,"stddev":0.1113552872566005,"values":[1.4,1.4,1.4,1.4,1.6,1.8,1.5,1.4,1.4,1.4,1.4,1.2,1.6,1.6,1.4,1.4,1.4,1.4,1.4,1.4,1.4,1.4,1.4,1.4,1.4]},"paint":{"min":2.8,"max":5.6,"median":3.4,"mean":3.6039999999999996,"stddev":0.6560487786742689,"values":[3,2.9,3.4,4.5,2.8,4.3,3.1,4,3.9,3.2,3.2,3,3.2,3.7,5.6,3.6,3.4,3,4.6,3.8,3.6,3.1,4.2,3.3,3.7]}}}