{"framework":"vue-v3.4.21-keyed","keyed":true,"benchmark":"09_clear1k_x8","type":"cpu","values":{"total":{"min":17.7,"max":21.4,"median":19.2,"mean":19.259999999999998,"stddev":0.9934068365262757,"values":[18.8,17.7,19.8,18.6,19.8,21.4,19.5,21,18.2,19.6,19.3,18.4,19,19.2,18.6]},"script":{"min":15.2,"max":18.2,"median":16.4,"mean":16.41333333333333,"stddev":0.8279636522962885,"values":[16.1,15.2,17,15.9,17,18.2,16.7,17.7,15.4,16.6,16.4,15.6,16.4,16.2,15.8]},"paint":{"min":1.9,"max":2.5,"median":2.2,"mean":2.1999999999999997,"stddev":0.19272482233188634,"values":[2.5,1.9,2,2,2.2,2.2,2.2,2.5,2.2,2.4,2.4,2.2,1.9,2.2,2.2]}}}