{"framework":"vue-v3.4.21-keyed","keyed":true,"benchmark":"07_create10k","type":"cpu","values":{"total":{"min":483.9,"max":546.9,"median":500,"mean":501.21333333333325,"stddev":13.804754184527809,"values":[505.9,500,501.2,503.2,498.6,497.9,497.2,500.9,499.5,500.2,483.9,546.9,494.1,488.4,500.3]},"script":{"min":91.8,"max":103.1,"median":100.4,"mean":99.58666666666666,"stddev":3.0951267379235907,"values":[103.1,101.6,100.8,100.3,100.7,91.8,100.4,101.5,101.4,98.7,99.3,99.6,100.2,93.1,101.3]},"paint":{"min":380.1,"max":442,"median":393.7,"mean":396.0533333333333,"stddev":13.48299811226116,"values":[395.4,392.9,394.1,395.2,393.2,401.5,392,394.6,393.1,393.7,380.1,442,389.3,389.3,394.4]}}}