{"framework":"vue-v3.4.21-keyed","keyed":true,"benchmark":"05_swap1k","type":"cpu","values":{"total":{"min":27.7,"max":41.8,"median":29,"mean":30.38,"stddev":3.8888485258676315,"values":[28.8,41.8,30.4,29.4,29,28.9,29.1,30,28.4,28.6,37.4,28.3,27.7,29,28.9]},"script":{"min":1.4,"max":2,"median":1.8,"mean":1.7066666666666668,"stddev":0.1486446705914413,"values":[1.6,1.8,1.8,1.8,1.6,1.6,1.8,1.8,1.6,1.6,1.8,1.4,1.8,2,1.6]},"paint":{"min":24.4,"max":37.3,"median":25.5,"mean":26.78666666666667,"stddev":3.504867363837786,"values":[25.5,37.3,26.5,26.2,25.6,25.3,25.7,26.5,25.1,25.3,32.8,25.1,24.4,25.3,25.2]}}}