{"framework":"angular-ngfor-v17.3.1-keyed","keyed":true,"benchmark":"09_clear1k_x8","type":"cpu","values":{"total":{"min":30.1,"max":35.2,"median":31.6,"mean":31.713333333333328,"stddev":1.3173928076028847,"values":[31.6,30.1,30.5,31.2,32.3,31,31.2,31.8,32,32.9,31.7,33.2,35.2,30.6,30.4]},"script":{"min":27.1,"max":31.8,"median":28.4,"mean":28.646666666666665,"stddev":1.1945511211130233,"values":[28.4,27.1,27.5,28.2,29.1,28,28.2,28.8,28.6,29.9,28.7,30,31.8,27.8,27.6]},"paint":{"min":2.1,"max":2.8,"median":2.4,"mean":2.3666666666666663,"stddev":0.18771812708978114,"values":[2.3,2.2,2.4,2.4,2.6,2.2,2.3,2.2,2.8,2.1,2.4,2.6,2.4,2.2,2.4]}}}