{"framework":"angular-ngfor-v17.3.1-keyed","keyed":true,"benchmark":"06_remove-one-1k","type":"cpu","values":{"total":{"min":20.8,"max":24.2,"median":22.8,"mean":22.779999999999994,"stddev":1.0631489614751612,"values":[22.2,22.4,21.6,23.3,23.2,23.9,24.2,21,24.2,23.8,22.6,22.7,20.8,22.8,23]},"script":{"min":0.8,"max":1,"median":1,"mean":0.9466666666666667,"stddev":0.07432233529572062,"values":[1,1,1,0.9,1,1,1,0.8,1,0.9,0.9,1,0.9,0.8,1]},"paint":{"min":19.1,"max":22.2,"median":21,"mean":20.85333333333333,"stddev":0.9257172251570025,"values":[20.4,20.5,19.8,21.3,21,21.7,22,19.3,22.2,21.8,20.7,20.9,19.1,21.1,21]}}}