{"framework":"angular-ngfor-v17.3.1-keyed","keyed":true,"benchmark":"05_swap1k","type":"cpu","values":{"total":{"min":213.4,"max":231.4,"median":222.1,"mean":222.28,"stddev":5.154775871530621,"values":[227.7,231.4,222.2,221.1,217.7,216.7,220.9,225.1,227.2,222.1,220.8,225.9,227.1,214.9,213.4]},"script":{"min":29.4,"max":31.9,"median":30.7,"mean":30.66666666666666,"stddev":0.6872997543873793,"values":[31,31.9,31.4,30.7,29.4,30.4,30.2,30.7,31.4,30.6,31,30,31.2,30.5,29.6]},"paint":{"min":167,"max":178,"median":173,"mean":173.0533333333333,"stddev":3.4836078725258073,"values":[176.7,178,171.9,173.2,171.1,168.9,172.6,174.8,176,173,170.4,176.2,177.7,168.3,167]}}}