{"framework":"angular-ngfor-v17.3.1-keyed","keyed":true,"benchmark":"07_create10k","type":"cpu","values":{"total":{"min":551.4,"max":602.1,"median":563.9,"mean":566.8333333333334,"stddev":11.788836527268797,"values":[558.3,561.9,564.3,563.9,551.4,570,573.2,574.1,574.8,563.3,555.8,602.1,561.5,562.3,565.6]},"script":{"min":105.9,"max":114.1,"median":110,"mean":109.96,"stddev":2.2442943529887374,"values":[105.9,110,114.1,110.9,107.7,111.9,107.6,113.8,107.9,110.8,108.9,109.3,110.3,109.9,110.4]},"paint":{"min":396.2,"max":433,"median":403.2,"mean":406.71999999999997,"stddev":9.220334670095841,"values":[403,403.2,402.1,401.5,396.2,401.6,415.1,410.9,417.2,404.5,398.6,433,403.1,404.2,406.6]}}}