{"framework":"angular-ngfor-v17.3.1-keyed","keyed":true,"benchmark":"04_select1k","type":"cpu","values":{"total":{"min":4.6,"max":7.2,"median":5.6,"mean":5.78,"stddev":0.5958187643906492,"values":[6,5.2,5.5,6.6,5.4,5.2,5.4,6,5.8,5.6,6.8,5.4,5.4,6,5.4,4.6,5.4,6.6,5.2,6.4,7.2,5.8,5.6,6.2,5.8]},"script":{"min":1,"max":1.4,"median":1.2,"mean":1.2559999999999993,"stddev":0.10832051206181277,"values":[1.2,1.4,1.2,1.2,1.4,1.2,1.2,1.4,1.4,1.2,1.2,1.2,1.2,1.2,1.2,1,1.2,1.2,1.2,1.4,1.4,1.4,1.2,1.4,1.2]},"paint":{"min":3.2,"max":5.2,"median":3.9,"mean":3.98,"stddev":0.5461989869391313,"values":[4.4,3.2,4,4.8,3.3,3.5,3.6,4,3.8,4,4.8,3.6,3.6,4.2,3.6,3.3,3.8,5,3.4,4.4,5.2,3.9,3.8,4.3,4]}}}