{"framework":"hyperapp-v2.0.22-keyed","keyed":true,"benchmark":"07_create10k","type":"cpu","values":{"total":{"min":491.5,"max":510.3,"median":502.4,"mean":500.4466666666667,"stddev":5.12122567174621,"values":[502.4,497.4,503.3,501,502.5,510.3,491.5,492.2,503.3,498.6,502.4,505.8,495.8,496.2,504]},"script":{"min":90.1,"max":96,"median":93.5,"mean":93.14666666666669,"stddev":1.7795933189783526,"values":[93.7,93.5,92.9,94.9,93.6,93.5,90.1,94,96,90.1,95.4,93.7,90.8,93.3,91.7]},"paint":{"min":394.5,"max":410.1,"median":402.6,"mean":402.6133333333334,"stddev":4.328620147454892,"values":[402.8,399.4,404.1,400.8,404.5,408.6,399.5,394.5,405.3,401.1,402.6,408.4,397.6,399.9,410.1]}}}