{"framework":"hyperapp-v2.0.22-keyed","keyed":true,"benchmark":"05_swap1k","type":"cpu","values":{"total":{"min":26.6,"max":28.8,"median":27.6,"mean":27.746666666666666,"stddev":0.7717018916160624,"values":[27.6,28.7,27.6,28.8,26.6,27.6,28.4,26.6,28.6,26.8,27.6,27.1,27.6,28.8,27.8]},"script":{"min":1.4,"max":1.8,"median":1.6,"mean":1.6400000000000001,"stddev":0.11212238211627763,"values":[1.6,1.8,1.8,1.6,1.6,1.6,1.4,1.6,1.6,1.6,1.6,1.8,1.6,1.6,1.8]},"paint":{"min":24.1,"max":26.5,"median":25.3,"mean":25.353333333333335,"stddev":0.7633260552782581,"values":[24.8,26.3,25.4,26.4,24.1,25.2,26.1,24.7,25.9,24.6,25.3,24.4,25,26.5,25.6]}}}