{"framework":"hyperapp-v2.0.22-keyed","keyed":true,"benchmark":"04_select1k","type":"cpu","values":{"total":{"min":4.4,"max":7.4,"median":5.4,"mean":5.436000000000002,"stddev":0.6663832730993979,"values":[5.4,5.6,5.3,6,7.4,4.8,6.4,6,6,6.2,6,5.4,5,5,4.6,4.6,5.4,5.2,4.4,5.4,4.8,5.4,5.4,5.2,5]},"script":{"min":1.2,"max":1.6,"median":1.4,"mean":1.4560000000000004,"stddev":0.15022205785658335,"values":[1.4,1.6,1.5,1.3,1.6,1.2,1.4,1.4,1.6,1.6,1.6,1.6,1.6,1.4,1.4,1.2,1.2,1.4,1.4,1.2,1.4,1.6,1.6,1.6,1.6]},"paint":{"min":2.7,"max":5.4,"median":3.2,"mean":3.3720000000000003,"stddev":0.6161168720299746,"values":[3.4,3.4,3,4,5.4,3.1,4.2,3.8,3.4,3.8,4,3.2,2.7,3.2,2.8,2.9,3.7,3.2,2.8,3.7,2.8,3.4,2.8,2.8,2.8]}}}