{"framework":"hyperapp-v2.0.22-keyed","keyed":true,"benchmark":"02_replace1k","type":"cpu","values":{"total":{"min":45.7,"max":52.8,"median":51,"mean":50.32,"stddev":2.1240796326207465,"values":[47.7,51.1,51.6,51.2,49.8,45.7,52.8,48.4,51,52.5,48.5,51,52.6,48.5,52.4]},"script":{"min":9.8,"max":10.4,"median":10.2,"mean":10.180000000000001,"stddev":0.1567527625639452,"values":[10.4,10.1,10.1,10.1,10.2,9.8,10.4,10.2,10.2,10.2,10.1,10.4,10.1,10.1,10.3]},"paint":{"min":35.7,"max":38.6,"median":36.3,"mean":36.49333333333333,"stddev":0.7959420893028646,"values":[35.9,37.9,36.6,36.3,36.2,35.7,36.3,36.8,38.6,36,36.7,35.7,36.3,36,36.4]}}}