{"framework":"hyperapp-v2.0.22-keyed","keyed":true,"benchmark":"08_create1k-after1k_x2","type":"cpu","values":{"total":{"min":48.6,"max":61.6,"median":51.2,"mean":52.879999999999995,"stddev":3.42453333629979,"values":[51.2,54.9,54.1,54.5,50.6,53.2,50.3,61.6,56.5,50.8,50.3,55.9,51,49.7,48.6]},"script":{"min":7.7,"max":8.8,"median":8.2,"mean":8.133333333333333,"stddev":0.2636736799982311,"values":[8.1,8.3,8.2,8.1,8.3,8.2,7.9,8.8,8.3,8.2,7.9,8,8.2,7.7,7.8]},"paint":{"min":40.5,"max":47.9,"median":42,"mean":42.29333333333333,"stddev":1.6739460081183135,"values":[42.7,42.2,41.7,42,41.9,40.6,42,47.9,42.1,42.2,41.9,42.7,42.4,41.6,40.5]}}}