{"framework":"mikado-v0.8.327-keyed","keyed":true,"benchmark":"07_create10k","type":"cpu","values":{"total":{"min":420.1,"max":437.1,"median":429.1,"mean":429.47333333333336,"stddev":5.35530000048906,"values":[424,435.4,420.1,434.1,422.4,434.8,429,429.1,424.2,433.2,437.1,425,427.7,433.5,432.5]},"script":{"min":30.3,"max":31.4,"median":30.8,"mean":30.846666666666668,"stddev":0.3226379365406954,"values":[31.2,30.5,30.7,31.4,30.6,31.3,31,30.6,30.6,31.1,31,31,30.8,30.6,30.3]},"paint":{"min":384.6,"max":398.8,"median":393.1,"mean":392.52666666666664,"stddev":4.3671610043706,"values":[388.1,397.3,384.6,396.3,387.2,396.2,393.1,391.5,387.2,395.8,398.8,389.3,392.1,395.9,394.5]}}}