{"framework":"mikado-v0.8.327-keyed","keyed":true,"benchmark":"08_create1k-after1k_x2","type":"cpu","values":{"total":{"min":42.4,"max":44.8,"median":43.2,"mean":43.47333333333333,"stddev":0.8786895003897782,"values":[43.5,43.9,44.8,42.8,44.4,42.8,43.8,43.2,44.8,42.4,42.4,44.7,43.2,42.9,42.5]},"script":{"min":2.6,"max":2.9,"median":2.7,"mean":2.7199999999999993,"stddev":0.07745966692414824,"values":[2.8,2.7,2.7,2.7,2.7,2.6,2.9,2.7,2.7,2.6,2.7,2.8,2.7,2.7,2.8]},"paint":{"min":39,"max":41.3,"median":39.8,"mean":39.97333333333333,"stddev":0.7582561446848813,"values":[40,40.5,41.3,39.4,40.9,39.5,40.1,39.8,40.9,39.1,39,40.9,39.6,39.5,39.1]}}}