{"framework":"mobx-jsx-v0.14.0-keyed","keyed":true,"benchmark":"06_remove-one-1k","type":"cpu","values":{"total":{"min":21.2,"max":31.3,"median":21.8,"mean":22.46,"stddev":2.489922546127547,"values":[21.4,22,21.9,21.4,22,21.6,21.3,21.8,21.9,22.8,31.3,21.2,22.8,21.7,21.8]},"script":{"min":0.9,"max":1.1,"median":1,"mean":0.9866666666666666,"stddev":0.05163977794943223,"values":[1,0.9,1,1,1,0.9,1,0.9,1,1,1.1,1,1,1,1]},"paint":{"min":19.2,"max":28.2,"median":19.9,"mean":20.466666666666665,"stddev":2.182942531364052,"values":[19.4,20,20,19.7,19.9,19.9,19.5,20,20,20.8,28.2,19.2,20.8,19.7,19.9]}}}