{"framework":"mobx-jsx-v0.14.0-keyed","keyed":true,"benchmark":"03_update10th1k_x16","type":"cpu","values":{"total":{"min":23.3,"max":34.5,"median":24.6,"mean":26.126666666666665,"stddev":3.1808504403397406,"values":[24.1,24.6,27.3,24.3,31.9,23.3,24.2,24.3,24.2,23.5,34.5,26.8,26.2,25.7,27]},"script":{"min":2.4,"max":4.2,"median":2.9,"mean":2.953333333333334,"stddev":0.422351692764398,"values":[2.4,3.2,3,3.2,2.6,2.8,2.6,3,2.8,2.8,4.2,2.9,3,2.6,3.2]},"paint":{"min":18.7,"max":28.1,"median":20.2,"mean":21.34,"stddev":2.8786901783375622,"values":[20.2,19.8,21.8,19.5,27.8,18.7,20,19.5,19.4,19.1,28.1,21.9,21.3,21.4,21.6]}}}