{"framework":"mobx-jsx-v0.14.0-keyed","keyed":true,"benchmark":"02_replace1k","type":"cpu","values":{"total":{"min":44.4,"max":51.6,"median":46,"mean":46.35333333333334,"stddev":1.6339551780295338,"values":[44.4,45.3,46,46.6,45.8,45.5,45.2,47.2,51.6,45.7,46.6,46.2,46.3,45.7,47.2]},"script":{"min":9.3,"max":12.1,"median":9.5,"mean":9.78,"stddev":0.7022413097667047,"values":[9.3,9.4,9.4,10,9.4,9.4,9.4,10,12.1,9.6,9.7,9.7,9.5,9.5,10.3]},"paint":{"min":34.7,"max":39,"median":36,"mean":36.13333333333333,"stddev":0.9378293072429592,"values":[34.7,35.5,36.2,36.3,36,35.7,35.4,36.6,39,35.6,36.5,36,36.3,35.8,36.4]}}}