{"framework":"mobx-jsx-v0.14.0-keyed","keyed":true,"benchmark":"05_swap1k","type":"cpu","values":{"total":{"min":27.9,"max":31.8,"median":28.7,"mean":28.999999999999996,"stddev":1.0385429353529056,"values":[28.2,27.9,29.1,29.4,28.5,31.8,29.5,30.3,28.2,29.4,28.4,28.7,28.2,28,29.4]},"script":{"min":2,"max":2.6,"median":2.2,"mean":2.1933333333333334,"stddev":0.20165977949672234,"values":[2.2,2,2.6,2.6,2,2.2,2,2.4,2,2.2,2.2,2.2,2.1,2.2,2]},"paint":{"min":24,"max":27.9,"median":24.9,"mean":25.12666666666666,"stddev":0.9369148967806644,"values":[24.4,24.5,24.9,25.2,24.7,27.9,25.5,25.9,24.6,25.4,24.9,24.7,24.5,24,25.8]}}}