{"framework":"mobx-jsx-v0.14.0-keyed","keyed":true,"benchmark":"08_create1k-after1k_x2","type":"cpu","values":{"total":{"min":46.1,"max":49.3,"median":47.5,"mean":47.52666666666666,"stddev":0.9520404153085891,"values":[46.3,46.8,46.1,47,47.6,46.6,47.5,47.4,47.7,48.3,49.3,47.1,48,49.3,47.9]},"script":{"min":5.6,"max":6,"median":5.7,"mean":5.760000000000001,"stddev":0.1121223821162777,"values":[5.7,5.8,5.7,5.6,5.9,5.6,5.9,5.7,6,5.7,5.8,5.7,5.8,5.8,5.7]},"paint":{"min":39.6,"max":42.6,"median":40.9,"mean":40.96,"stddev":0.878147400578546,"values":[39.9,40.1,39.6,40.7,40.8,40.2,40.9,41,40.9,41.6,42.6,40.6,41.5,42.6,41.4]}}}