{"framework":"mobx-jsx-v0.14.0-keyed","keyed":true,"benchmark":"09_clear1k_x8","type":"cpu","values":{"total":{"min":17.2,"max":22.1,"median":18.6,"mean":18.80666666666667,"stddev":1.1183320914051726,"values":[19,18.5,18.4,18.9,18.1,22.1,19.8,17.2,19.4,18.1,19.1,18.6,18,18.9,18]},"script":{"min":14.5,"max":18.9,"median":15.6,"mean":15.873333333333333,"stddev":0.9910071836748903,"values":[16,15.5,15.4,16.1,15.2,18.9,16.6,14.5,16.2,15.3,16.1,15.6,15.4,16.1,15.2]},"paint":{"min":1.9,"max":2.6,"median":2.2,"mean":2.1933333333333334,"stddev":0.2218965868103772,"values":[2.1,2.5,1.9,2.2,2.2,2.1,2.6,2,2.6,2.2,2.2,2.2,1.9,2,2.2]}}}