{"framework":"react-hooks-v18.2.0-keyed","keyed":true,"benchmark":"09_clear1k_x8","type":"cpu","values":{"total":{"min":25.8,"max":33.3,"median":26.4,"mean":27.38666666666667,"stddev":2.0350032175006736,"values":[33.3,25.8,26,26.1,26.4,25.8,26.1,26.4,26.7,26.9,28.3,28.6,28.6,26.2,29.6]},"script":{"min":22.8,"max":29.3,"median":23.6,"mean":24.360000000000003,"stddev":1.7483870117502998,"values":[29.3,23,23.2,23.3,23.6,22.8,23.1,23.5,23.8,23.9,25.3,25.6,25.2,23.4,26.4]},"paint":{"min":1.9,"max":2.7,"median":2.2,"mean":2.2999999999999994,"stddev":0.24494897427831785,"values":[2.7,2.2,2.3,2.2,2.2,2.2,2.2,2.3,2.1,2.4,2,2.7,2.7,1.9,2.4]}}}