{"framework":"react-hooks-v18.2.0-keyed","keyed":true,"benchmark":"04_select1k","type":"cpu","values":{"total":{"min":5.6,"max":8.9,"median":6.2,"mean":6.508000000000001,"stddev":0.8798295289429653,"values":[6.1,6.4,8.9,6.2,6,6.6,6.7,6.4,6.4,5.8,5.6,8.8,5.8,6.1,6.2,7.6,6.1,5.7,7,7.6,6.2,6.4,5.8,6.7,5.6]},"script":{"min":2,"max":3.4,"median":2.4,"mean":2.392,"stddev":0.31347514521356656,"values":[2.4,2.4,3.1,2.1,2.4,2.6,2.2,2.6,2.4,2.4,2,3.4,2.2,2.2,2.2,2.4,2.3,2,2.6,2.4,2.2,2.6,2.2,2.3,2.2]},"paint":{"min":2.7,"max":4.8,"median":3.2,"mean":3.3960000000000004,"stddev":0.5762522595761916,"values":[3.1,3.2,4.8,3.4,3,3.2,3.7,3.2,3.1,2.7,3.2,4.7,2.7,3.5,3.2,4.1,3,3,3.5,4.6,3.2,3.2,3,3.6,3]}}}