{"framework":"react-hooks-v18.2.0-keyed","keyed":true,"benchmark":"02_replace1k","type":"cpu","values":{"total":{"min":52.5,"max":87.6,"median":53.3,"mean":55.9,"stddev":8.82091670001318,"values":[53.3,53.3,52.5,54.1,54.3,53.2,55.9,54.8,87.6,53.3,52.5,53.1,53.1,52.8,54.7]},"script":{"min":16.2,"max":23.9,"median":16.6,"mean":17.05333333333333,"stddev":1.914182655363703,"values":[16.3,16.3,16.6,16.4,16.6,16.6,17.2,16.6,23.9,16.2,16.5,16.4,16.7,16.4,17.1]},"paint":{"min":35.4,"max":63,"median":36.5,"mean":38.34666666666667,"stddev":6.863658610668914,"values":[36.5,36.5,35.4,37.2,37.2,36.2,38.2,37.7,63,36.6,35.6,36.3,35.9,35.9,37]}}}