{"framework":"react-hooks-v18.2.0-keyed","keyed":true,"benchmark":"07_create10k","type":"cpu","values":{"total":{"min":614.9,"max":663.5,"median":633.6,"mean":634.9066666666665,"stddev":14.214452738908614,"values":[631.7,641.6,636.7,663.5,624.4,635.7,618.9,618.1,623.8,646.9,629.6,649.4,654.8,633.6,614.9]},"script":{"min":210.1,"max":269.2,"median":227.4,"mean":230.40666666666667,"stddev":16.36684220641,"values":[227.4,241.3,242,269.2,216.1,235.7,210.1,214.4,217,237.8,220.3,241.2,246.9,224.1,212.6]},"paint":{"min":389.6,"max":404.7,"median":400.4,"mean":398.8466666666667,"stddev":4.745654654021723,"values":[396.2,395.8,390.1,389.6,403.1,395.2,404.7,398.8,401.4,402.8,402,400.6,400.4,404.5,397.5]}}}