{"framework":"react-hooks-v18.2.0-keyed","keyed":true,"benchmark":"01_run1k","type":"cpu","values":{"total":{"min":47.7,"max":51.1,"median":48.9,"mean":49.013333333333335,"stddev":0.8724895960629533,"values":[48.7,48.9,48.5,48.7,47.7,49.2,47.9,49.4,51.1,49,48.5,50,49,50.1,48.5]},"script":{"min":10.7,"max":11.4,"median":11.1,"mean":11.066666666666665,"stddev":0.1676163419695051,"values":[11.2,11,11.1,11,11,11.4,10.7,11.2,11.2,11,10.9,11.1,11.2,11.1,10.9]},"paint":{"min":36.3,"max":39.4,"median":37.3,"mean":37.46,"stddev":0.7669978580711385,"values":[37,37.3,36.9,37.2,36.3,37.3,36.8,37.7,39.4,37.5,37.1,38.3,37.4,38.5,37.2]}}}