{"framework":"rendrjs-v0.2.50-keyed","keyed":true,"benchmark":"06_remove-one-1k","type":"cpu","values":{"total":{"min":21.1,"max":23.6,"median":21.6,"mean":21.793333333333337,"stddev":0.7362711715769121,"values":[21.3,21.4,22.1,23.1,21.8,21.1,21.1,22.2,22.1,21.6,23.6,21.2,21.7,21.4,21.2]},"script":{"min":0.8,"max":1,"median":1,"mean":0.9333333333333333,"stddev":0.0816496580927726,"values":[0.8,1,0.9,0.8,0.9,0.9,1,1,1,1,1,0.8,1,1,0.9]},"paint":{"min":19.1,"max":21.5,"median":19.7,"mean":19.799999999999997,"stddev":0.6403124237432848,"values":[19.5,19.7,20,20.6,19.7,19.3,19.2,20.3,20.2,19.7,21.5,19.1,19.6,19.3,19.3]}}}