{"framework":"rendrjs-v0.2.50-keyed","keyed":true,"benchmark":"05_swap1k","type":"cpu","values":{"total":{"min":27.3,"max":41.5,"median":28.4,"mean":29.26,"stddev":3.5075021637301136,"values":[27.9,31.2,28.9,28.6,28.8,27.7,28.4,27.7,41.5,27.6,27.3,28.3,27.9,28.4,28.7]},"script":{"min":1.8,"max":2.4,"median":2,"mean":1.9733333333333332,"stddev":0.18309508328682536,"values":[1.8,2.2,2,1.8,2.2,1.8,2,2,2.4,2,2,1.8,1.8,2,1.8]},"paint":{"min":23.6,"max":34.8,"median":24.6,"mean":25.35333333333334,"stddev":2.733356562038347,"values":[24.5,27.1,24.9,25.1,25,24.2,24.2,24.1,34.8,23.6,23.9,24.6,24.6,24.6,25.1]}}}