{"framework":"rendrjs-v0.2.50-keyed","keyed":true,"benchmark":"07_create10k","type":"cpu","values":{"total":{"min":483.3,"max":553.1,"median":491.6,"mean":494.88666666666666,"stddev":16.645585715423895,"values":[488,494,491.6,492.8,490,483.3,495.6,488.7,491.9,499.8,491.1,485.2,553.1,485.8,492.4]},"script":{"min":83.3,"max":91.4,"median":88.1,"mean":88.24666666666667,"stddev":2.1675749012158625,"values":[91.4,86.7,90.7,87.8,88.1,83.3,88.6,87.1,89.6,85.5,91.1,90,88.4,87.9,87.5]},"paint":{"min":390.9,"max":459.5,"median":397.3,"mean":401.84666666666664,"stddev":16.60575918454914,"values":[392,402.9,396.6,400.6,397.3,395.3,401.1,397.1,397.7,409.5,395.7,390.9,459.5,393,398.5]}}}