{"framework":"rendrjs-v0.2.50-keyed","keyed":true,"benchmark":"08_create1k-after1k_x2","type":"cpu","values":{"total":{"min":45.8,"max":47.7,"median":46.6,"mean":46.62666666666668,"stddev":0.49923751385297194,"values":[47.7,46.5,46.7,46.9,46.6,45.8,46.4,46.6,46.8,46,47.2,46,47.1,46.3,46.8]},"script":{"min":5.3,"max":5.7,"median":5.5,"mean":5.513333333333334,"stddev":0.13020130933435706,"values":[5.6,5.5,5.7,5.6,5.5,5.3,5.4,5.6,5.4,5.4,5.4,5.5,5.7,5.7,5.4]},"paint":{"min":39.7,"max":40.9,"median":40.4,"mean":40.306666666666665,"stddev":0.3769552202785339,"values":[40.9,40.4,40.3,40.6,40.4,39.7,40.3,40.2,40.6,39.8,40.7,39.7,40.5,39.9,40.6]}}}