{"framework":"rendrjs-v0.2.50-keyed","keyed":true,"benchmark":"04_select1k","type":"cpu","values":{"total":{"min":5,"max":7.4,"median":5.8,"mean":5.972,"stddev":0.6438944012802098,"values":[6.2,6,5.8,6.4,5.6,7,7.4,6.4,5.4,6.6,6.2,7,6.2,5.8,5.6,5.4,6.2,5.4,5.5,5.2,5,5.2,5.6,6.8,5.4]},"script":{"min":1.8,"max":2.2,"median":1.8,"mean":1.8680000000000003,"stddev":0.11075498483890767,"values":[1.8,2,1.8,1.8,1.8,2.2,1.9,1.8,1.8,1.8,1.8,2,2,1.8,2,2,1.8,1.8,1.8,1.8,1.8,1.8,2,1.8,1.8]},"paint":{"min":2.6,"max":4.4,"median":3.3,"mean":3.4560000000000004,"stddev":0.5538351138500821,"values":[4,3.2,3.1,3.9,3.3,4.2,4.4,3.8,3,3.9,3.8,4.4,3.5,3.4,3,2.8,3.9,3,3,2.8,2.6,3,3.1,4.3,3]}}}