{"framework":"skruv-v0.6.3-keyed","keyed":true,"benchmark":"08_create1k-after1k_x2","type":"cpu","values":{"total":{"min":55.9,"max":59.6,"median":57.1,"mean":57.54666666666667,"stddev":1.1897578785298335,"values":[57.1,59.6,58.5,57.9,56.5,58.7,56.5,57.8,58.4,55.9,56.6,56.9,56.7,56.5,59.6]},"script":{"min":14.3,"max":16.1,"median":15.4,"mean":15.359999999999998,"stddev":0.5315744807375806,"values":[15.7,16.1,15.7,15.2,14.3,15.7,15.8,15.9,15.3,14.4,15.4,15.3,15.6,14.7,15.3]},"paint":{"min":40,"max":43.3,"median":41.1,"mean":41.38666666666667,"stddev":0.942539629077182,"values":[40.7,42.7,42,41.6,41.4,42.2,40,41.1,42.3,40.7,40.5,40.8,40.4,41.1,43.3]}}}