{"framework":"skruv-v0.6.3-keyed","keyed":true,"benchmark":"07_create10k","type":"cpu","values":{"total":{"min":561.2,"max":598.7,"median":582.1,"mean":582.0000000000001,"stddev":11.211027734206292,"values":[583.6,561.2,583,593.9,588.6,597.8,573.5,575.4,563.7,581.5,576.8,592.6,582.1,577.6,598.7]},"script":{"min":158.9,"max":177.1,"median":164.9,"mean":165.70666666666668,"stddev":5.181073615528333,"values":[166.8,161.2,165.1,177.1,166.4,169.8,158.9,163.6,167.8,160.4,164.9,175.4,162.6,163.9,161.7]},"paint":{"min":391.2,"max":429.1,"median":412,"mean":410.8,"stddev":9.117565464530543,"values":[412.2,395.3,413,410.2,417.6,420.7,410.1,407.2,391.2,413.9,406.6,412,413.7,409.2,429.1]}}}