{"framework":"skruv-v0.6.3-keyed","keyed":true,"benchmark":"01_run1k","type":"cpu","values":{"total":{"min":48.9,"max":54,"median":51.6,"mean":51.653333333333336,"stddev":1.3912310410294222,"values":[53.6,50.6,50.2,50.7,51.4,52.8,48.9,54,53.2,52.7,51.1,51.6,51.6,50.7,51.7]},"script":{"min":12.5,"max":13.8,"median":12.9,"mean":12.933333333333334,"stddev":0.37733400639347675,"values":[12.9,12.5,12.6,12.5,12.8,13.1,13.1,12.8,12.9,12.8,13.8,13.7,12.9,12.7,12.9]},"paint":{"min":35.3,"max":40.7,"median":38.1,"mean":38.21333333333334,"stddev":1.3855719121754477,"values":[40.1,37.5,37.2,37.8,38.1,39.2,35.3,40.7,39.5,39.4,36.8,37.5,38.2,37.6,38.3]}}}