{"framework":"skruv-v0.6.3-keyed","keyed":true,"benchmark":"09_clear1k_x8","type":"cpu","values":{"total":{"min":17.2,"max":18.6,"median":17.6,"mean":17.846666666666668,"stddev":0.5069047059876063,"values":[17.3,17.4,17.6,18.6,18.2,18.1,18.3,17.4,17.6,17.8,17.2,17.4,18.6,17.6,18.6]},"script":{"min":14,"max":15.8,"median":15,"mean":15.033333333333335,"stddev":0.5108349840725293,"values":[14.5,14.8,14.6,15.4,15.4,15.3,15.5,14.6,15,15.2,14,14.8,15.8,14.8,15.8]},"paint":{"min":1.7,"max":2.6,"median":2,"mean":2.14,"stddev":0.27723120830300274,"values":[1.9,2,2.5,2.2,2.2,2.4,2.2,2,2,1.7,2.6,2,1.9,1.9,2.6]}}}