{"framework":"skruv-v0.6.3-keyed","keyed":true,"benchmark":"02_replace1k","type":"cpu","values":{"total":{"min":54.2,"max":57.4,"median":55.9,"mean":55.93999999999999,"stddev":1.0907402466739209,"values":[56.8,55.4,55,55.5,55.3,57.3,55.9,56.6,56.6,54.8,57.4,57.1,54.3,56.9,54.2]},"script":{"min":17.9,"max":19.6,"median":18.5,"mean":18.7,"stddev":0.5451081150953981,"values":[18.4,18.5,17.9,18.3,18.4,19.6,18.2,19,18.7,18.5,19.5,19.2,18.4,19.6,18.3]},"paint":{"min":35.5,"max":37.9,"median":36.9,"mean":36.773333333333326,"stddev":0.7362711715769117,"values":[37.9,36.5,36.5,36.7,36.4,37.2,37.3,37.2,37.4,35.8,37.4,37.4,35.5,36.9,35.5]}}}