{"framework":"solid-v1.8.15-keyed","keyed":true,"benchmark":"02_replace1k","type":"cpu","values":{"total":{"min":42.5,"max":44.8,"median":43.8,"mean":43.72666666666667,"stddev":0.5573747990954261,"values":[43.4,42.5,43.8,44.2,43.8,43.3,44,43.3,43.2,44.3,43.9,44.8,44.2,43.7,43.5]},"script":{"min":7.1,"max":7.8,"median":7.4,"mean":7.366666666666666,"stddev":0.17994708216848745,"values":[7.4,7.1,7.2,7.2,7.3,7.3,7.5,7.5,7.4,7.5,7.8,7.2,7.2,7.4,7.5]},"paint":{"min":34.9,"max":37.1,"median":35.8,"mean":35.86666666666667,"stddev":0.5524835701069273,"values":[35.6,34.9,36.1,36.4,35.9,35.5,36.1,35.4,35.3,36.2,35.7,37.1,36.5,35.8,35.5]}}}