{"framework":"solid-v1.8.15-keyed","keyed":true,"benchmark":"07_create10k","type":"cpu","values":{"total":{"min":421.8,"max":439.7,"median":428.6,"mean":429.1,"stddev":5.400529074610584,"values":[421.8,422.4,424,426.3,432.3,427.4,433.5,426.1,424,429.6,437.4,428.6,429.1,439.7,434.3]},"script":{"min":36.2,"max":46.1,"median":36.8,"mean":40.12666666666667,"stddev":4.443047002527282,"values":[36.2,36.4,46.1,36.5,36.8,36.8,45.1,44.8,36.4,37.5,45.9,36.8,36.4,44.4,45.8]},"paint":{"min":373.5,"max":390.6,"median":384.1,"mean":383.78,"stddev":4.7327430886175454,"values":[378.5,381.7,373.5,385.6,388.4,386.4,384.1,377,383.1,387.6,383.9,386.7,388.4,390.6,381.2]}}}