{"framework":"solid-v1.8.15-keyed","keyed":true,"benchmark":"05_swap1k","type":"cpu","values":{"total":{"min":26.4,"max":29.1,"median":27.8,"mean":27.793333333333333,"stddev":0.7045430805713391,"values":[27.6,28.7,26.4,28.5,27.3,27.3,27.8,28.2,28,27.8,28.4,27.3,27.4,27.1,29.1]},"script":{"min":1,"max":1.4,"median":1.2,"mean":1.2466666666666666,"stddev":0.11254628677422752,"values":[1.4,1.2,1.2,1.4,1.4,1.2,1.2,1.2,1.2,1.4,1.2,1.3,1.2,1,1.2]},"paint":{"min":23.7,"max":25.8,"median":24.4,"mean":24.72666666666667,"stddev":0.6551626479265243,"values":[24.3,25.7,23.7,25.4,24.1,24.3,25.2,24.9,24.8,24.4,25.5,24.1,24.3,24.4,25.8]}}}