{"framework":"solid-v1.8.15-keyed","keyed":true,"benchmark":"01_run1k","type":"cpu","values":{"total":{"min":40.1,"max":41.8,"median":41,"mean":41.07333333333333,"stddev":0.48324301290738714,"values":[40.1,41.2,41,41,40.9,41.7,41.5,40.9,41.8,40.8,41.5,40.2,41.4,41,41.1]},"script":{"min":3.1,"max":3.5,"median":3.3,"mean":3.2733333333333325,"stddev":0.10327955589886435,"values":[3.2,3.3,3.2,3.3,3.2,3.3,3.2,3.3,3.4,3.2,3.4,3.1,3.5,3.3,3.2]},"paint":{"min":36.4,"max":37.9,"median":37.3,"mean":37.346666666666664,"stddev":0.42065708237515825,"values":[36.4,37.4,37.3,37.3,37.3,37.9,37.8,37.2,37.9,37.2,37.7,36.6,37.5,37.3,37.4]}}}