{"framework":"solid-v1.8.15-keyed","keyed":true,"benchmark":"06_remove-one-1k","type":"cpu","values":{"total":{"min":20.2,"max":22.3,"median":21.6,"mean":21.459999999999997,"stddev":0.6242710034226208,"values":[20.8,21.6,21.9,20.7,21.9,22.2,21.3,21.6,22.2,20.2,22.3,21.5,20.7,21.6,21.4]},"script":{"min":0.3,"max":0.6,"median":0.4,"mean":0.4399999999999999,"stddev":0.0828078671210825,"values":[0.5,0.6,0.4,0.4,0.5,0.6,0.3,0.4,0.4,0.4,0.4,0.4,0.4,0.4,0.5]},"paint":{"min":18.8,"max":20.7,"median":19.9,"mean":19.85333333333333,"stddev":0.595059020682182,"values":[19.1,19.9,20.2,18.8,20.2,20.5,19.9,20.2,20.7,18.8,20.4,20.1,19.3,19.9,19.8]}}}