{"framework":"solid-v1.8.15-keyed","keyed":true,"benchmark":"09_clear1k_x8","type":"cpu","values":{"total":{"min":15.8,"max":18.6,"median":17.4,"mean":17.48,"stddev":0.6930264888773839,"values":[17,18.6,17.2,17.6,17.8,17.2,18.2,18.6,17.5,17.4,15.8,17.2,17.7,17,17.4]},"script":{"min":13.1,"max":15.8,"median":14.6,"mean":14.646666666666668,"stddev":0.6685449730215471,"values":[14.4,15.8,14.4,14.7,15,14.4,15.2,15.8,14.5,14.6,13.1,14.6,14.9,14.2,14.1]},"paint":{"min":2,"max":2.3,"median":2.2,"mean":2.166666666666666,"stddev":0.07237468644557458,"values":[2.2,2.3,2.2,2.1,2,2.1,2.2,2.2,2.2,2.2,2.2,2.2,2.2,2.1,2.1]}}}