{"framework":"solid-v1.8.15-keyed","keyed":true,"benchmark":"08_create1k-after1k_x2","type":"cpu","values":{"total":{"min":44.5,"max":46.4,"median":45.4,"mean":45.32666666666667,"stddev":0.6341097997155044,"values":[45.7,45.2,45.4,44.7,46.2,44.5,45,45.5,45.4,44.7,45.6,46.3,46.4,44.7,44.6]},"script":{"min":3.4,"max":3.6,"median":3.5,"mean":3.48,"stddev":0.0774596669241484,"values":[3.5,3.6,3.4,3.6,3.6,3.4,3.5,3.4,3.4,3.5,3.4,3.5,3.4,3.5,3.5]},"paint":{"min":40.3,"max":42.2,"median":41,"mean":41.06666666666667,"stddev":0.6241184258807061,"values":[41.5,40.9,41.2,40.3,41.8,40.3,40.8,41.3,41,40.5,41.5,41.9,42.2,40.4,40.4]}}}