{"framework":"svelte-v5.0.0-next.100-keyed","keyed":true,"benchmark":"05_swap1k","type":"cpu","values":{"total":{"min":26,"max":29.5,"median":27.8,"mean":27.860000000000003,"stddev":0.8765190895158612,"values":[27.6,27.5,29.5,27.6,26,27.3,27.8,26.7,28.1,28.7,28.8,27.4,28.5,28.5,27.9]},"script":{"min":1.4,"max":1.8,"median":1.6,"mean":1.56,"stddev":0.1352246807565627,"values":[1.6,1.4,1.8,1.8,1.4,1.4,1.4,1.4,1.6,1.6,1.6,1.6,1.6,1.6,1.6]},"paint":{"min":23,"max":25.7,"median":24.5,"mean":24.546666666666667,"stddev":0.6653319973266479,"values":[24.2,24.4,25.7,24.2,23,24.8,24.6,23.8,24.4,24.6,25.4,24.3,25.3,25,24.5]}}}