{"framework":"svelte-v5.0.0-next.100-keyed","keyed":true,"benchmark":"03_update10th1k_x16","type":"cpu","values":{"total":{"min":21.9,"max":24.7,"median":22.9,"mean":23.006666666666664,"stddev":0.7841889956843193,"values":[24.7,22.3,22.4,23.7,22.4,21.9,23.3,23.2,22.2,23.7,22.4,22.9,23.3,22.7,24]},"script":{"min":1.2,"max":1.8,"median":1.2,"mean":1.3333333333333335,"stddev":0.1799470821684875,"values":[1.2,1.4,1.4,1.4,1.2,1.2,1.8,1.2,1.2,1.4,1.2,1.2,1.2,1.6,1.4]},"paint":{"min":18.8,"max":21.4,"median":19.8,"mean":19.973333333333333,"stddev":0.7657551517168865,"values":[21.4,19.4,19.2,20.7,19.8,18.8,19.9,20.3,19.2,20.9,19.6,19.6,20.5,19.4,20.9]}}}