{"framework":"svelte-v5.0.0-next.100-keyed","keyed":true,"benchmark":"08_create1k-after1k_x2","type":"cpu","values":{"total":{"min":43.8,"max":46.3,"median":44.8,"mean":44.71333333333333,"stddev":0.7239442230553662,"values":[45,45.2,44.7,44,43.9,44.8,44.3,44,46.3,44.1,45.2,44.8,44.8,43.8,45.8]},"script":{"min":3.4,"max":3.7,"median":3.5,"mean":3.5333333333333337,"stddev":0.08164965809277266,"values":[3.5,3.6,3.6,3.5,3.4,3.6,3.4,3.5,3.5,3.7,3.5,3.6,3.5,3.5,3.6]},"paint":{"min":39.6,"max":42,"median":40.4,"mean":40.42666666666666,"stddev":0.6860515043833566,"values":[40.8,40.9,40.3,39.8,39.8,40.4,40.1,39.7,42,39.8,40.7,40.5,40.5,39.6,41.5]}}}