{"framework":"vanillajs-keyed","keyed":true,"benchmark":"01_run1k","type":"cpu","values":{"total":{"min":31.1,"max":33.5,"median":32.2,"mean":32.17999999999999,"stddev":0.6383013171132987,"values":[32,32.4,32.7,31.1,31.7,32,31.4,32.6,33.5,32,32.2,31.3,32.7,32.7,32.4]},"script":{"min":2.5,"max":2.7,"median":2.6,"mean":2.560000000000001,"stddev":0.06324555320336765,"values":[2.6,2.5,2.5,2.5,2.5,2.6,2.6,2.5,2.6,2.6,2.6,2.5,2.7,2.5,2.6]},"paint":{"min":28.3,"max":30.5,"median":29.4,"mean":29.38666666666667,"stddev":0.5986492732652,"values":[29.3,29.6,30,28.3,29,29.3,28.6,29.8,30.5,29.1,29.4,28.6,29.7,30,29.6]}}}