{"framework":"vue-v3.4.21-keyed","keyed":true,"benchmark":"06_remove-one-1k","type":"cpu","values":{"total":{"min":22,"max":24.2,"median":23.2,"mean":23.16666666666667,"stddev":0.5601870435930519,"values":[23.2,23,22.6,23.6,23,24.2,22.8,22.7,22,24.1,23.5,23,23.2,23.3,23.3]},"script":{"min":1.8,"max":2,"median":1.9,"mean":1.8866666666666667,"stddev":0.09154754164341268,"values":[1.8,2,1.8,1.9,1.8,2,1.8,1.9,1.8,1.8,2,2,1.9,2,1.8]},"paint":{"min":19.3,"max":21.3,"median":20.3,"mean":20.293333333333337,"stddev":0.4905778905196059,"values":[20.6,20.2,19.8,20.7,20.4,20.9,20,19.8,19.3,21.3,20.4,20,20.2,20.3,20.5]}}}