{"framework":"vue-v3.4.21-keyed","keyed":true,"benchmark":"02_replace1k","type":"cpu","values":{"total":{"min":46,"max":50.8,"median":46.4,"mean":46.92666666666666,"stddev":1.2138878900144807,"values":[46.2,46.3,46.3,46.3,46,46.1,47.1,47,50.8,46.1,47,47.7,46.4,46.8,47.8]},"script":{"min":10.2,"max":11.1,"median":10.5,"mean":10.546666666666665,"stddev":0.2294921930407801,"values":[10.4,10.4,10.5,10.6,10.2,10.5,10.6,10.4,11.1,10.4,10.5,10.9,10.5,10.8,10.4]},"paint":{"min":35.1,"max":39.2,"median":35.5,"mean":35.913333333333334,"stddev":1.0343159690392125,"values":[35.4,35.4,35.4,35.3,35.3,35.1,35.9,36.1,39.2,35.2,36.1,36.3,35.5,35.6,36.9]}}}