{"framework":"vue-v3.4.21-keyed","keyed":true,"benchmark":"08_create1k-after1k_x2","type":"cpu","values":{"total":{"min":47.7,"max":51.2,"median":49.3,"mean":49.513333333333335,"stddev":0.9804275063655119,"values":[49.3,49.9,50.8,49,49.7,48.9,49.3,50.2,47.7,50.1,51.2,49.3,49.1,50.4,47.8]},"script":{"min":7.1,"max":7.9,"median":7.3,"mean":7.346666666666668,"stddev":0.19952324127660884,"values":[7.1,7.4,7.4,7.2,7.5,7.4,7.3,7.3,7.2,7.3,7.5,7.1,7.4,7.9,7.2]},"paint":{"min":39.8,"max":42.7,"median":41.5,"mean":41.400000000000006,"stddev":0.8569047288267917,"values":[41.5,41.7,42.6,41,41.5,40.8,41.3,42.1,39.8,42.2,42.7,41.3,41,41.7,39.8]}}}